<?xml version="1.0" encoding="utf-8"?>
<toc image="$toolbox/matlab/icons/book_mat.gif" version="2.0">
   <tocitem target="product_page.html">AROC<tocitem image="HelpIcon.FUNCTION" target="functions_index.html">Function Reference<tocitem image="HelpIcon.FUNCTION" target="algorithms_index.html">Algorithms<tocitem image="HelpIcon.FUNCTION" target="combinedControl_index.html">Combined Control<tocitem image="HelpIcon.FUNCTION" target="@objCombinedContr_index.html">@objCombinedContr<tocitem image="HelpIcon.FUNCTION" target="@objCombinedControbjCombinedContrhelp.html">objCombinedContr</tocitem>
                  <tocitem image="HelpIcon.FUNCTION" target="@objCombinedContrsimulatehelp.html">simulate</tocitem>
                  <tocitem image="HelpIcon.FUNCTION" target="@objCombinedContrsimulateRandomhelp.html">simulateRandom</tocitem>
               </tocitem>
               <tocitem image="HelpIcon.FUNCTION" target="src_index.html">Src<tocitem image="HelpIcon.FUNCTION" target="computeFeedbackControlhelp.html">computeFeedbackControl</tocitem>
                  <tocitem image="HelpIcon.FUNCTION" target="extendedDynamicshelp.html">extendedDynamics</tocitem>
                  <tocitem image="HelpIcon.FUNCTION" target="extendedDynamicsMeasErrhelp.html">extendedDynamicsMeasErr</tocitem>
                  <tocitem image="HelpIcon.FUNCTION" target="extendedDynamicsPolyhelp.html">extendedDynamicsPoly</tocitem>
               </tocitem>
               <tocitem image="HelpIcon.FUNCTION" target="combinedControlhelp.html">combinedControl</tocitem>
            </tocitem>
            <tocitem image="HelpIcon.FUNCTION" target="convexInterpolationControl_index.html">Convex Interpolation Control<tocitem image="HelpIcon.FUNCTION" target="@objConvInterContr_index.html">@objConvInterContr<tocitem image="HelpIcon.FUNCTION" target="@objConvInterControbjConvInterContrhelp.html">objConvInterContr</tocitem>
                  <tocitem image="HelpIcon.FUNCTION" target="@objConvInterContrsimulatehelp.html">simulate</tocitem>
                  <tocitem image="HelpIcon.FUNCTION" target="@objConvInterContrsimulateRandomhelp.html">simulateRandom</tocitem>
               </tocitem>
               <tocitem image="HelpIcon.FUNCTION" target="src_index.html">Src<tocitem image="HelpIcon.FUNCTION" target="src_auxiliary_index.html">Auxiliary<tocitem image="HelpIcon.FUNCTION" target="computeInputZonotopehelp.html">computeInputZonotope</tocitem>
                     <tocitem image="HelpIcon.FUNCTION" target="computeQuadraticControlLawhelp.html">computeQuadraticControlLaw</tocitem>
                     <tocitem image="HelpIcon.FUNCTION" target="constraintfunctionQuadhelp.html">constraintfunctionQuad</tocitem>
                     <tocitem image="HelpIcon.FUNCTION" target="exactControlLawhelp.html">exactControlLaw</tocitem>
                     <tocitem image="HelpIcon.FUNCTION" target="localCornerControlhelp.html">localCornerControl</tocitem>
                     <tocitem image="HelpIcon.FUNCTION" target="symExtremePointshelp.html">symExtremePoints</tocitem>
                  </tocitem>
                  <tocitem image="HelpIcon.FUNCTION" target="contolLaws_index.html">Contol Laws<tocitem image="HelpIcon.FUNCTION" target="dynamicsClosedLoopExacthelp.html">dynamicsClosedLoopExact</tocitem>
                     <tocitem image="HelpIcon.FUNCTION" target="dynamicsClosedLoopExactMeasErrhelp.html">dynamicsClosedLoopExactMeasErr</tocitem>
                     <tocitem image="HelpIcon.FUNCTION" target="dynamicsClosedLoopLinearhelp.html">dynamicsClosedLoopLinear</tocitem>
                     <tocitem image="HelpIcon.FUNCTION" target="dynamicsClosedLoopLinearMeasErrhelp.html">dynamicsClosedLoopLinearMeasErr</tocitem>
                     <tocitem image="HelpIcon.FUNCTION" target="dynamicsClosedLoopQuadratichelp.html">dynamicsClosedLoopQuadratic</tocitem>
                     <tocitem image="HelpIcon.FUNCTION" target="dynamicsClosedLoopQuadraticMeasErrhelp.html">dynamicsClosedLoopQuadraticMeasErr</tocitem>
                  </tocitem>
                  <tocitem image="HelpIcon.FUNCTION" target="reachablityAnalysis_index.html">Reachablity Analysis<tocitem image="HelpIcon.FUNCTION" target="exactController_index.html">Exact Controller<tocitem image="HelpIcon.FUNCTION" target="computeExactControllerhelp.html">computeExactController</tocitem>
                        <tocitem image="HelpIcon.FUNCTION" target="reachExactControllerhelp.html">reachExactController</tocitem>
                     </tocitem>
                     <tocitem image="HelpIcon.FUNCTION" target="linearController_index.html">Linear Controller<tocitem image="HelpIcon.FUNCTION" target="computeLinearControllerhelp.html">computeLinearController</tocitem>
                        <tocitem image="HelpIcon.FUNCTION" target="reachLinearControllerhelp.html">reachLinearController</tocitem>
                     </tocitem>
                     <tocitem image="HelpIcon.FUNCTION" target="quadraticController_index.html">Quadratic Controller<tocitem image="HelpIcon.FUNCTION" target="computeQuadraticControllerhelp.html">computeQuadraticController</tocitem>
                     </tocitem>
                  </tocitem>
               </tocitem>
               <tocitem image="HelpIcon.FUNCTION" target="convexInterpolationControlhelp.html">convexInterpolationControl</tocitem>
            </tocitem>
            <tocitem image="HelpIcon.FUNCTION" target="generatorSpaceControl_index.html">Generator Space Control<tocitem image="HelpIcon.FUNCTION" target="@objGenSpaceContr_index.html">@objGenSpaceContr<tocitem image="HelpIcon.FUNCTION" target="@objGenSpaceControbjGenSpaceContrhelp.html">objGenSpaceContr</tocitem>
                  <tocitem image="HelpIcon.FUNCTION" target="@objGenSpaceContrsimulatehelp.html">simulate</tocitem>
                  <tocitem image="HelpIcon.FUNCTION" target="@objGenSpaceContrsimulateRandomhelp.html">simulateRandom</tocitem>
               </tocitem>
               <tocitem image="HelpIcon.FUNCTION" target="src_index.html">Src<tocitem image="HelpIcon.FUNCTION" target="computeAlphahelp.html">computeAlpha</tocitem>
                  <tocitem image="HelpIcon.FUNCTION" target="linearizeSystemhelp.html">linearizeSystem</tocitem>
                  <tocitem image="HelpIcon.FUNCTION" target="reachSetGenSpaceContrhelp.html">reachSetGenSpaceContr</tocitem>
               </tocitem>
               <tocitem image="HelpIcon.FUNCTION" target="generatorSpaceControlhelp.html">generatorSpaceControl</tocitem>
            </tocitem>
            <tocitem image="HelpIcon.FUNCTION" target="linSysMPC_index.html">Lin Sys MPC<tocitem image="HelpIcon.FUNCTION" target="src_index.html">Src<tocitem image="HelpIcon.FUNCTION" target="initOptProblemhelp.html">initOptProblem</tocitem>
                  <tocitem image="HelpIcon.FUNCTION" target="loadParamAndOptshelp.html">loadParamAndOpts</tocitem>
               </tocitem>
               <tocitem image="HelpIcon.FUNCTION" target="linSysMPChelp.html">linSysMPC</tocitem>
            </tocitem>
            <tocitem image="HelpIcon.FUNCTION" target="optimizationBasedControl_index.html">Optimization Based Control<tocitem image="HelpIcon.FUNCTION" target="@objOptBasedContr_index.html">@objOptBasedContr<tocitem image="HelpIcon.FUNCTION" target="@objOptBasedControbjOptBasedContrhelp.html">objOptBasedContr</tocitem>
                  <tocitem image="HelpIcon.FUNCTION" target="@objOptBasedContrsimulatehelp.html">simulate</tocitem>
                  <tocitem image="HelpIcon.FUNCTION" target="@objOptBasedContrsimulateRandomhelp.html">simulateRandom</tocitem>
               </tocitem>
               <tocitem image="HelpIcon.FUNCTION" target="src_index.html">Src<tocitem image="HelpIcon.FUNCTION" target="checkConstraintshelp.html">checkConstraints</tocitem>
                  <tocitem image="HelpIcon.FUNCTION" target="closedLoopSystemLinhelp.html">closedLoopSystemLin</tocitem>
                  <tocitem image="HelpIcon.FUNCTION" target="closedLoopSystemNonlinhelp.html">closedLoopSystemNonlin</tocitem>
                  <tocitem image="HelpIcon.FUNCTION" target="closedLoopSystemNonlinMeasErrhelp.html">closedLoopSystemNonlinMeasErr</tocitem>
                  <tocitem image="HelpIcon.FUNCTION" target="compFeedbackMatrixhelp.html">compFeedbackMatrix</tocitem>
                  <tocitem image="HelpIcon.FUNCTION" target="computeFinalReachSethelp.html">computeFinalReachSet</tocitem>
                  <tocitem image="HelpIcon.FUNCTION" target="conFunhelp.html">conFun</tocitem>
                  <tocitem image="HelpIcon.FUNCTION" target="costFunhelp.html">costFun</tocitem>
               </tocitem>
               <tocitem image="HelpIcon.FUNCTION" target="optimizationBasedControlhelp.html">optimizationBasedControl</tocitem>
            </tocitem>
            <tocitem image="HelpIcon.FUNCTION" target="polynomialControl_index.html">Polynomial Control<tocitem image="HelpIcon.FUNCTION" target="@objPolyContr_index.html">@objPolyContr<tocitem image="HelpIcon.FUNCTION" target="@objPolyControbjPolyContrhelp.html">objPolyContr</tocitem>
                  <tocitem image="HelpIcon.FUNCTION" target="@objPolyContrsimulatehelp.html">simulate</tocitem>
                  <tocitem image="HelpIcon.FUNCTION" target="@objPolyContrsimulateRandomhelp.html">simulateRandom</tocitem>
               </tocitem>
               <tocitem image="HelpIcon.FUNCTION" target="src_index.html">Src<tocitem image="HelpIcon.FUNCTION" target="computeCtrlhelp.html">computeCtrl</tocitem>
                  <tocitem image="HelpIcon.FUNCTION" target="constraintsControlParamhelp.html">constraintsControlParam</tocitem>
                  <tocitem image="HelpIcon.FUNCTION" target="extractPolyGeneratorshelp.html">extractPolyGenerators</tocitem>
                  <tocitem image="HelpIcon.FUNCTION" target="reachPolyhelp.html">reachPoly</tocitem>
                  <tocitem image="HelpIcon.FUNCTION" target="reachPolyParamhelp.html">reachPolyParam</tocitem>
                  <tocitem image="HelpIcon.FUNCTION" target="resolveControlTemplateshelp.html">resolveControlTemplates</tocitem>
                  <tocitem image="HelpIcon.FUNCTION" target="setupControlTemplateshelp.html">setupControlTemplates</tocitem>
                  <tocitem image="HelpIcon.FUNCTION" target="splitControlTemplateshelp.html">splitControlTemplates</tocitem>
                  <tocitem image="HelpIcon.FUNCTION" target="strictFeasZhelp.html">strictFeasZ</tocitem>
               </tocitem>
               <tocitem image="HelpIcon.FUNCTION" target="polynomialControlhelp.html">polynomialControl</tocitem>
            </tocitem>
            <tocitem image="HelpIcon.FUNCTION" target="reachsetMPC_index.html">Reachset MPC<tocitem image="HelpIcon.FUNCTION" target="src_index.html">Src<tocitem image="HelpIcon.FUNCTION" target="src_auxiliary_index.html">Auxiliary<tocitem image="HelpIcon.FUNCTION" target="checkConstrainthelp.html">checkConstraint</tocitem>
                     <tocitem image="HelpIcon.FUNCTION" target="checkInputConstraintshelp.html">checkInputConstraints</tocitem>
                     <tocitem image="HelpIcon.FUNCTION" target="closedLoopTrackinghelp.html">closedLoopTracking</tocitem>
                     <tocitem image="HelpIcon.FUNCTION" target="closedLoopTrackingMeasErrhelp.html">closedLoopTrackingMeasErr</tocitem>
                     <tocitem image="HelpIcon.FUNCTION" target="compReachSethelp.html">compReachSet</tocitem>
                     <tocitem image="HelpIcon.FUNCTION" target="costSetDistancehelp.html">costSetDistance</tocitem>
                     <tocitem image="HelpIcon.FUNCTION" target="distPhihelp.html">distPhi</tocitem>
                     <tocitem image="HelpIcon.FUNCTION" target="reachSetHorizonhelp.html">reachSetHorizon</tocitem>
                     <tocitem image="HelpIcon.FUNCTION" target="simulateSyshelp.html">simulateSys</tocitem>
                     <tocitem image="HelpIcon.FUNCTION" target="simulateSysAllochelp.html">simulateSysAlloc</tocitem>
                  </tocitem>
                  <tocitem image="HelpIcon.FUNCTION" target="optimalControl_index.html">Optimal Control<tocitem image="HelpIcon.FUNCTION" target="optimalControlReachsetMPChelp.html">optimalControlReachsetMPC</tocitem>
                     <tocitem image="HelpIcon.FUNCTION" target="writeAcadoFilesReachsetMPChelp.html">writeAcadoFilesReachsetMPC</tocitem>
                     <tocitem image="HelpIcon.FUNCTION" target="writeFminconFilesReachsetMPChelp.html">writeFminconFilesReachsetMPC</tocitem>
                  </tocitem>
                  <tocitem image="HelpIcon.FUNCTION" target="trackingController_index.html">Tracking Controller<tocitem image="HelpIcon.FUNCTION" target="lqrTrackhelp.html">lqrTrack</tocitem>
                  </tocitem>
               </tocitem>
               <tocitem image="HelpIcon.FUNCTION" target="reachsetMPChelp.html">reachsetMPC</tocitem>
            </tocitem>
            <tocitem image="HelpIcon.FUNCTION" target="safetyNetControl_index.html">Safety Net Control<tocitem image="HelpIcon.FUNCTION" target="@objSafetyNetContr_index.html">@objSafetyNetContr<tocitem image="HelpIcon.FUNCTION" target="@objSafetyNetControbjSafetyNetContrhelp.html">objSafetyNetContr</tocitem>
                  <tocitem image="HelpIcon.FUNCTION" target="@objSafetyNetContrsimulatehelp.html">simulate</tocitem>
                  <tocitem image="HelpIcon.FUNCTION" target="@objSafetyNetContrsimulateRandomhelp.html">simulateRandom</tocitem>
               </tocitem>
               <tocitem image="HelpIcon.FUNCTION" target="comfortController_index.html">Comfort Controller<tocitem image="HelpIcon.FUNCTION" target="@comfContrLQR_index.html">@comfContrLQR<tocitem image="HelpIcon.FUNCTION" target="@comfContrLQRcomfContrLQRhelp.html">comfContrLQR</tocitem>
                     <tocitem image="HelpIcon.FUNCTION" target="@comfContrLQRinithelp.html">init</tocitem>
                     <tocitem image="HelpIcon.FUNCTION" target="@comfContrLQRreachSethelp.html">reachSet</tocitem>
                     <tocitem image="HelpIcon.FUNCTION" target="@comfContrLQRreachSetPredhelp.html">reachSetPred</tocitem>
                     <tocitem image="HelpIcon.FUNCTION" target="@comfContrLQRsimulatehelp.html">simulate</tocitem>
                  </tocitem>
                  <tocitem image="HelpIcon.FUNCTION" target="@comfContrMPC_index.html">@comfContrMPC<tocitem image="HelpIcon.FUNCTION" target="@comfContrMPCcomfContrMPChelp.html">comfContrMPC</tocitem>
                     <tocitem image="HelpIcon.FUNCTION" target="@comfContrMPCinithelp.html">init</tocitem>
                     <tocitem image="HelpIcon.FUNCTION" target="@comfContrMPCreachSethelp.html">reachSet</tocitem>
                     <tocitem image="HelpIcon.FUNCTION" target="@comfContrMPCreachSetPredhelp.html">reachSetPred</tocitem>
                     <tocitem image="HelpIcon.FUNCTION" target="@comfContrMPCsimulatehelp.html">simulate</tocitem>
                  </tocitem>
               </tocitem>
               <tocitem image="HelpIcon.FUNCTION" target="src_index.html">Src<tocitem image="HelpIcon.FUNCTION" target="factorScalinghelp.html">factorScaling</tocitem>
                  <tocitem image="HelpIcon.FUNCTION" target="linearBackwardReachhelp.html">linearBackwardReach</tocitem>
                  <tocitem image="HelpIcon.FUNCTION" target="orderReductionhelp.html">orderReduction</tocitem>
                  <tocitem image="HelpIcon.FUNCTION" target="reachSafetyNetContrhelp.html">reachSafetyNetContr</tocitem>
                  <tocitem image="HelpIcon.FUNCTION" target="scaleInitialSethelp.html">scaleInitialSet</tocitem>
                  <tocitem image="HelpIcon.FUNCTION" target="subsetsInputhelp.html">subsetsInput</tocitem>
               </tocitem>
               <tocitem image="HelpIcon.FUNCTION" target="safetyNetControlhelp.html">safetyNetControl</tocitem>
            </tocitem>
         </tocitem>
         <tocitem image="HelpIcon.FUNCTION" target="aroc_auxiliary_index.html">Auxiliary<tocitem image="HelpIcon.FUNCTION" target="acadoConvertDynamicshelp.html">acadoConvertDynamics</tocitem>
            <tocitem image="HelpIcon.FUNCTION" target="centerTrajectoryhelp.html">centerTrajectory</tocitem>
            <tocitem image="HelpIcon.FUNCTION" target="checkBooleanhelp.html">checkBoolean</tocitem>
            <tocitem image="HelpIcon.FUNCTION" target="checkDoublehelp.html">checkDouble</tocitem>
            <tocitem image="HelpIcon.FUNCTION" target="checkIntegerhelp.html">checkInteger</tocitem>
            <tocitem image="HelpIcon.FUNCTION" target="checkMatrixhelp.html">checkMatrix</tocitem>
            <tocitem image="HelpIcon.FUNCTION" target="checkOptshelp.html">checkOpts</tocitem>
            <tocitem image="HelpIcon.FUNCTION" target="checkParamhelp.html">checkParam</tocitem>
            <tocitem image="HelpIcon.FUNCTION" target="checkStateConstraintshelp.html">checkStateConstraints</tocitem>
            <tocitem image="HelpIcon.FUNCTION" target="checkStringhelp.html">checkString</tocitem>
            <tocitem image="HelpIcon.FUNCTION" target="collisionCheckerhelp.html">collisionChecker</tocitem>
            <tocitem image="HelpIcon.FUNCTION" target="commonocean2corahelp.html">commonocean2cora</tocitem>
            <tocitem image="HelpIcon.FUNCTION" target="compOccupancySethelp.html">compOccupancySet</tocitem>
            <tocitem image="HelpIcon.FUNCTION" target="constraintfunctionFminconhelp.html">constraintfunctionFmincon</tocitem>
            <tocitem image="HelpIcon.FUNCTION" target="containsFasthelp.html">containsFast</tocitem>
            <tocitem image="HelpIcon.FUNCTION" target="costfunctionFminconhelp.html">costfunctionFmincon</tocitem>
            <tocitem image="HelpIcon.FUNCTION" target="decayFunctionshelp.html">decayFunctions</tocitem>
            <tocitem image="HelpIcon.FUNCTION" target="defaultSimulateRandomhelp.html">defaultSimulateRandom</tocitem>
            <tocitem image="HelpIcon.FUNCTION" target="generateExpMathelp.html">generateExpMat</tocitem>
            <tocitem image="HelpIcon.FUNCTION" target="getNameValuePairhelp.html">getNameValuePair</tocitem>
            <tocitem image="HelpIcon.FUNCTION" target="getRedundantFieldshelp.html">getRedundantFields</tocitem>
            <tocitem image="HelpIcon.FUNCTION" target="initOptshelp.html">initOpts</tocitem>
            <tocitem image="HelpIcon.FUNCTION" target="initSearchDomainhelp.html">initSearchDomain</tocitem>
            <tocitem image="HelpIcon.FUNCTION" target="innerApproxPolyhelp.html">innerApproxPoly</tocitem>
            <tocitem image="HelpIcon.FUNCTION" target="isLinearModelhelp.html">isLinearModel</tocitem>
            <tocitem image="HelpIcon.FUNCTION" target="optimalControlhelp.html">optimalControl</tocitem>
            <tocitem image="HelpIcon.FUNCTION" target="optimalControlFminconhelp.html">optimalControlFmincon</tocitem>
            <tocitem image="HelpIcon.FUNCTION" target="parseOptshelp.html">parseOpts</tocitem>
            <tocitem image="HelpIcon.FUNCTION" target="plotObstacleshelp.html">plotObstacles</tocitem>
            <tocitem image="HelpIcon.FUNCTION" target="plotOccupancySethelp.html">plotOccupancySet</tocitem>
            <tocitem image="HelpIcon.FUNCTION" target="postprocessingPolygonhelp.html">postprocessingPolygon</tocitem>
            <tocitem image="HelpIcon.FUNCTION" target="projectReachSethelp.html">projectReachSet</tocitem>
            <tocitem image="HelpIcon.FUNCTION" target="reachNonlinearhelp.html">reachNonlinear</tocitem>
            <tocitem image="HelpIcon.FUNCTION" target="reachSetConformancehelp.html">reachSetConformance</tocitem>
            <tocitem image="HelpIcon.FUNCTION" target="symLinearizehelp.html">symLinearize</tocitem>
            <tocitem image="HelpIcon.FUNCTION" target="updateExtHorizonhelp.html">updateExtHorizon</tocitem>
            <tocitem image="HelpIcon.FUNCTION" target="writeAcadoFileshelp.html">writeAcadoFiles</tocitem>
            <tocitem image="HelpIcon.FUNCTION" target="writeFminconFileshelp.html">writeFminconFiles</tocitem>
         </tocitem>
         <tocitem image="HelpIcon.FUNCTION" target="benchmarks_index.html">Benchmarks<tocitem image="HelpIcon.FUNCTION" target="animation_index.html">Animation<tocitem image="HelpIcon.FUNCTION" target="animateCarhelp.html">animateCar</tocitem>
               <tocitem image="HelpIcon.FUNCTION" target="animateCartpolehelp.html">animateCartpole</tocitem>
               <tocitem image="HelpIcon.FUNCTION" target="animateMobileRobothelp.html">animateMobileRobot</tocitem>
               <tocitem image="HelpIcon.FUNCTION" target="animatePlatoonhelp.html">animatePlatoon</tocitem>
               <tocitem image="HelpIcon.FUNCTION" target="animateQuadrotor2Dhelp.html">animateQuadrotor2D</tocitem>
               <tocitem image="HelpIcon.FUNCTION" target="animateRobotArmhelp.html">animateRobotArm</tocitem>
               <tocitem image="HelpIcon.FUNCTION" target="animateShiphelp.html">animateShip</tocitem>
               <tocitem image="HelpIcon.FUNCTION" target="animateTruckhelp.html">animateTruck</tocitem>
            </tocitem>
            <tocitem image="HelpIcon.FUNCTION" target="automaton_index.html">Automaton<tocitem image="HelpIcon.FUNCTION" target="postprocessing_carhelp.html">postprocessing_car</tocitem>
               <tocitem image="HelpIcon.FUNCTION" target="postprocessing_mobileRobothelp.html">postprocessing_mobileRobot</tocitem>
               <tocitem image="HelpIcon.FUNCTION" target="postprocessing_quadrotor2Dhelp.html">postprocessing_quadrotor2D</tocitem>
               <tocitem image="HelpIcon.FUNCTION" target="postprocessing_robotArmhelp.html">postprocessing_robotArm</tocitem>
               <tocitem image="HelpIcon.FUNCTION" target="postprocessing_shiphelp.html">postprocessing_ship</tocitem>
               <tocitem image="HelpIcon.FUNCTION" target="postprocessing_truckhelp.html">postprocessing_truck</tocitem>
               <tocitem image="HelpIcon.FUNCTION" target="shiftInitSet_carhelp.html">shiftInitSet_car</tocitem>
               <tocitem image="HelpIcon.FUNCTION" target="shiftInitSet_mobileRobothelp.html">shiftInitSet_mobileRobot</tocitem>
               <tocitem image="HelpIcon.FUNCTION" target="shiftInitSet_quadrotor2Dhelp.html">shiftInitSet_quadrotor2D</tocitem>
               <tocitem image="HelpIcon.FUNCTION" target="shiftInitSet_robotArmhelp.html">shiftInitSet_robotArm</tocitem>
               <tocitem image="HelpIcon.FUNCTION" target="shiftInitSet_shiphelp.html">shiftInitSet_ship</tocitem>
               <tocitem image="HelpIcon.FUNCTION" target="shiftInitSet_truckhelp.html">shiftInitSet_truck</tocitem>
               <tocitem image="HelpIcon.FUNCTION" target="shiftOccupancySet_carhelp.html">shiftOccupancySet_car</tocitem>
               <tocitem image="HelpIcon.FUNCTION" target="shiftOccupancySet_mobileRobothelp.html">shiftOccupancySet_mobileRobot</tocitem>
               <tocitem image="HelpIcon.FUNCTION" target="shiftOccupancySet_quadrotor2Dhelp.html">shiftOccupancySet_quadrotor2D</tocitem>
               <tocitem image="HelpIcon.FUNCTION" target="shiftOccupancySet_robotArmhelp.html">shiftOccupancySet_robotArm</tocitem>
               <tocitem image="HelpIcon.FUNCTION" target="shiftOccupancySet_shiphelp.html">shiftOccupancySet_ship</tocitem>
               <tocitem image="HelpIcon.FUNCTION" target="shiftOccupancySet_truckhelp.html">shiftOccupancySet_truck</tocitem>
            </tocitem>
            <tocitem image="HelpIcon.FUNCTION" target="dynamics_index.html">Dynamics<tocitem image="HelpIcon.FUNCTION" target="artificialSystemhelp.html">artificialSystem</tocitem>
               <tocitem image="HelpIcon.FUNCTION" target="carhelp.html">car</tocitem>
               <tocitem image="HelpIcon.FUNCTION" target="carthelp.html">cart</tocitem>
               <tocitem image="HelpIcon.FUNCTION" target="cartpolehelp.html">cartpole</tocitem>
               <tocitem image="HelpIcon.FUNCTION" target="doubleIntegratorhelp.html">doubleIntegrator</tocitem>
               <tocitem image="HelpIcon.FUNCTION" target="mobileRobothelp.html">mobileRobot</tocitem>
               <tocitem image="HelpIcon.FUNCTION" target="platoonhelp.html">platoon</tocitem>
               <tocitem image="HelpIcon.FUNCTION" target="quadrotor2Dhelp.html">quadrotor2D</tocitem>
               <tocitem image="HelpIcon.FUNCTION" target="robotArmhelp.html">robotArm</tocitem>
               <tocitem image="HelpIcon.FUNCTION" target="shiphelp.html">ship</tocitem>
               <tocitem image="HelpIcon.FUNCTION" target="stirredTankReactorhelp.html">stirredTankReactor</tocitem>
               <tocitem image="HelpIcon.FUNCTION" target="truckhelp.html">truck</tocitem>
            </tocitem>
            <tocitem image="HelpIcon.FUNCTION" target="parameter_index.html">Parameter<tocitem image="HelpIcon.FUNCTION" target="param_artificialSystemhelp.html">param_artificialSystem</tocitem>
               <tocitem image="HelpIcon.FUNCTION" target="param_carhelp.html">param_car</tocitem>
               <tocitem image="HelpIcon.FUNCTION" target="param_carthelp.html">param_cart</tocitem>
               <tocitem image="HelpIcon.FUNCTION" target="param_cartpolehelp.html">param_cartpole</tocitem>
               <tocitem image="HelpIcon.FUNCTION" target="param_doubleIntegratorhelp.html">param_doubleIntegrator</tocitem>
               <tocitem image="HelpIcon.FUNCTION" target="param_mobileRobothelp.html">param_mobileRobot</tocitem>
               <tocitem image="HelpIcon.FUNCTION" target="param_platoonhelp.html">param_platoon</tocitem>
               <tocitem image="HelpIcon.FUNCTION" target="param_quadrotor2Dhelp.html">param_quadrotor2D</tocitem>
               <tocitem image="HelpIcon.FUNCTION" target="param_robotArmhelp.html">param_robotArm</tocitem>
               <tocitem image="HelpIcon.FUNCTION" target="param_shiphelp.html">param_ship</tocitem>
               <tocitem image="HelpIcon.FUNCTION" target="param_stirredTankReactorhelp.html">param_stirredTankReactor</tocitem>
               <tocitem image="HelpIcon.FUNCTION" target="param_truckhelp.html">param_truck</tocitem>
            </tocitem>
         </tocitem>
         <tocitem image="HelpIcon.FUNCTION" target="classes_index.html">Classes<tocitem image="HelpIcon.FUNCTION" target="@maneuverAutomaton_index.html">@maneuverAutomaton<tocitem image="HelpIcon.FUNCTION" target="@maneuverAutomatonmaneuverAutomatonhelp.html">maneuverAutomaton</tocitem>
               <tocitem image="HelpIcon.FUNCTION" target="@maneuverAutomatonmotionPlannerhelp.html">motionPlanner</tocitem>
               <tocitem image="HelpIcon.FUNCTION"
                        target="@maneuverAutomatonplotPlannedTrajectoryhelp.html">plotPlannedTrajectory</tocitem>
               <tocitem image="HelpIcon.FUNCTION" target="@maneuverAutomatonsimulatehelp.html">simulate</tocitem>
               <tocitem image="HelpIcon.FUNCTION" target="@maneuverAutomatonsimulateRandomhelp.html">simulateRandom</tocitem>
            </tocitem>
            <tocitem image="HelpIcon.FUNCTION" target="@objController_index.html">@objController<tocitem image="HelpIcon.FUNCTION" target="@objControllerobjControllerhelp.html">objController</tocitem>
            </tocitem>
            <tocitem image="HelpIcon.FUNCTION" target="@results_index.html">@results<tocitem image="HelpIcon.FUNCTION" target="@resultsanimatehelp.html">animate</tocitem>
               <tocitem image="HelpIcon.FUNCTION" target="@resultscreateVideohelp.html">createVideo</tocitem>
               <tocitem image="HelpIcon.FUNCTION" target="@resultsplotReachhelp.html">plotReach</tocitem>
               <tocitem image="HelpIcon.FUNCTION" target="@resultsplotReachTimePointhelp.html">plotReachTimePoint</tocitem>
               <tocitem image="HelpIcon.FUNCTION" target="@resultsplotSimulationhelp.html">plotSimulation</tocitem>
               <tocitem image="HelpIcon.FUNCTION" target="@resultsresultshelp.html">results</tocitem>
            </tocitem>
            <tocitem image="HelpIcon.FUNCTION" target="@terminalRegion_index.html">@terminalRegion<tocitem image="HelpIcon.FUNCTION" target="@terminalRegionterminalRegionhelp.html">terminalRegion</tocitem>
            </tocitem>
         </tocitem>
         <tocitem image="HelpIcon.FUNCTION" target="conformance_index.html">Conformance<tocitem image="HelpIcon.FUNCTION" target="src_index.html">Src<tocitem image="HelpIcon.FUNCTION" target="conformantSynthesisLinearhelp.html">conformantSynthesisLinear</tocitem>
               <tocitem image="HelpIcon.FUNCTION" target="conformantSynthesisNonlinearhelp.html">conformantSynthesisNonlinear</tocitem>
               <tocitem image="HelpIcon.FUNCTION" target="writeAcadoFilesConfCheckinghelp.html">writeAcadoFilesConfChecking</tocitem>
               <tocitem image="HelpIcon.FUNCTION" target="writeFminconFilesConfCheckinghelp.html">writeFminconFilesConfChecking</tocitem>
            </tocitem>
            <tocitem image="HelpIcon.FUNCTION" target="conformantSynthesishelp.html">conformantSynthesis</tocitem>
         </tocitem>
         <tocitem image="HelpIcon.FUNCTION" target="terminalRegion_index.html">Terminal Region<tocitem image="HelpIcon.FUNCTION" target="subpaving_index.html">Subpaving<tocitem image="HelpIcon.FUNCTION" target="@termRegSubpaving_index.html">@termRegSubpaving<tocitem image="HelpIcon.FUNCTION" target="@termRegSubpavingsimulatehelp.html">simulate</tocitem>
                  <tocitem image="HelpIcon.FUNCTION" target="@termRegSubpavingsimulateRandomhelp.html">simulateRandom</tocitem>
                  <tocitem image="HelpIcon.FUNCTION" target="@termRegSubpavingtermRegSubpavinghelp.html">termRegSubpaving</tocitem>
               </tocitem>
               <tocitem image="HelpIcon.FUNCTION" target="compTermRegSubpavinghelp.html">compTermRegSubpaving</tocitem>
            </tocitem>
            <tocitem image="HelpIcon.FUNCTION" target="zonoLinSys_index.html">Zono Lin Sys<tocitem image="HelpIcon.FUNCTION" target="@termRegZonoLinSys_index.html">@termRegZonoLinSys<tocitem image="HelpIcon.FUNCTION" target="@termRegZonoLinSyssimulatehelp.html">simulate</tocitem>
                  <tocitem image="HelpIcon.FUNCTION" target="@termRegZonoLinSyssimulateRandomhelp.html">simulateRandom</tocitem>
                  <tocitem image="HelpIcon.FUNCTION" target="@termRegZonoLinSystermRegZonoLinSyshelp.html">termRegZonoLinSys</tocitem>
               </tocitem>
               <tocitem image="HelpIcon.FUNCTION" target="src_index.html">Src<tocitem image="HelpIcon.FUNCTION" target="computeSafeInitialSethelp.html">computeSafeInitialSet</tocitem>
                  <tocitem image="HelpIcon.FUNCTION" target="computeSafeTerminalSethelp.html">computeSafeTerminalSet</tocitem>
                  <tocitem image="HelpIcon.FUNCTION" target="loadParametersAndOptionshelp.html">loadParametersAndOptions</tocitem>
                  <tocitem image="HelpIcon.FUNCTION" target="reachControlledLTISystemhelp.html">reachControlledLTISystem</tocitem>
                  <tocitem image="HelpIcon.FUNCTION" target="stateAndInputConstraintshelp.html">stateAndInputConstraints</tocitem>
               </tocitem>
               <tocitem image="HelpIcon.FUNCTION" target="computeTermRegZonoLinSyshelp.html">computeTermRegZonoLinSys</tocitem>
            </tocitem>
            <tocitem image="HelpIcon.FUNCTION" target="computeTerminalRegionhelp.html">computeTerminalRegion</tocitem>
         </tocitem>
      </tocitem>
   </tocitem>
</toc>